nom_fichier,extension,taille_octets,dossier_parent,chemin_relatif,famille_documentaire,role_workflow_recommande,thematique_probable
AWS-MPI-1659794-RC.pdf,.pdf,452127,racine,base de données appels d'offres et appels à projets vides/AWS-MPI-1659794-RC.pdf,autre,a_classifier,generaliste
AWS-MPI-1668619-RC.pdf,.pdf,462428,racine,base de données appels d'offres et appels à projets vides/AWS-MPI-1668619-RC.pdf,autre,a_classifier,generaliste
region-reunion.aide-a-l-accompagnement-de-developpement-de-carriere-d-artistes-professionnels-filiere-musique-et-spectacle-vivant.pdf,.pdf,191955,racine,base de données appels d'offres et appels à projets vides/region-reunion.aide-a-l-accompagnement-de-developpement-de-carriere-d-artistes-professionnels-filiere-musique-et-spectacle-vivant.pdf,autre,a_classifier,musique_spectacle
FOM Diffusions Alter 25.xls,.xls,324096,racine,base de données appels d'offres et appels à projets vides/FOM Diffusions Alter 25.xls,fonds_outre_mer,a_classifier,generaliste
PRE-6.3 V01 Maj 23juillet2024 Charte du formateur externe Doc de diffusion Validé (1).pdf,.pdf,1072487,racine,base de données appels d'offres et appels à projets vides/PRE-6.3 V01 Maj 23juillet2024 Charte du formateur externe Doc de diffusion Validé (1).pdf,charte,client,formation
PRE-6.3 V01 Maj 23juillet2024 Charte du formateur externe Doc de diffusion paviel signé.pdf,.pdf,3255843,racine,base de données appels d'offres et appels à projets vides/PRE-6.3 V01 Maj 23juillet2024 Charte du formateur externe Doc de diffusion paviel signé.pdf,charte,client,formation
region-reunion.fonds-de-soutien-a-l-audiovisuel-au-cinema-et-au-multimedia.pdf,.pdf,155735,racine,base de données appels d'offres et appels à projets vides/region-reunion.fonds-de-soutien-a-l-audiovisuel-au-cinema-et-au-multimedia.pdf,autre,dossier,audiovisuel
cadre d'intervention BIC.pdf,.pdf,463741,racine,base de données appels d'offres et appels à projets vides/cadre d'intervention BIC.pdf,cadre_intervention,dossier,generaliste
cadre_d_intervention-audiovisuel-2.pdf,.pdf,429850,racine,base de données appels d'offres et appels à projets vides/cadre_d_intervention-audiovisuel-2.pdf,cadre_intervention,dossier,audiovisuel
cadre_d_intervention-audiovisuel.pdf,.pdf,429850,racine,base de données appels d'offres et appels à projets vides/cadre_d_intervention-audiovisuel.pdf,cadre_intervention,dossier,audiovisuel
cadre_d_intervention_-_aide_aux_fonds_propres-2-2.pdf,.pdf,323286,racine,base de données appels d'offres et appels à projets vides/cadre_d_intervention_-_aide_aux_fonds_propres-2-2.pdf,cadre_intervention,dossier,generaliste
cadre_d_intervention_-pre-poc_v2.pdf,.pdf,368492,racine,base de données appels d'offres et appels à projets vides/cadre_d_intervention_-pre-poc_v2.pdf,cadre_intervention,dossier,formation
cadre_d_intervention_musique-2-2.pdf,.pdf,3931215,racine,base de données appels d'offres et appels à projets vides/cadre_d_intervention_musique-2-2.pdf,cadre_intervention,dossier,musique_spectacle
cadre_d_intervention_musique-2-3.pdf,.pdf,3931215,racine,base de données appels d'offres et appels à projets vides/cadre_d_intervention_musique-2-3.pdf,cadre_intervention,dossier,musique_spectacle
cadre_d_intervention_musique-2.pdf,.pdf,3931215,racine,base de données appels d'offres et appels à projets vides/cadre_d_intervention_musique-2.pdf,cadre_intervention,dossier,musique_spectacle
cadre_intervention_2025.pdf,.pdf,258934,racine,base de données appels d'offres et appels à projets vides/cadre_intervention_2025.pdf,cadre_intervention,dossier,generaliste
Appel-a-candidature-Fete-de-la-musique-2026-2.pdf,.pdf,161579,racine,base de données appels d'offres et appels à projets vides/Appel-a-candidature-Fete-de-la-musique-2026-2.pdf,formulaire,dossier,musique_spectacle
Appel-a-candidature-Fete-de-la-musique-2026-3.pdf,.pdf,109804,racine,base de données appels d'offres et appels à projets vides/Appel-a-candidature-Fete-de-la-musique-2026-3.pdf,formulaire,dossier,musique_spectacle
Appel-a-candidature-Fete-de-la-musique-2026.pdf,.pdf,109804,racine,base de données appels d'offres et appels à projets vides/Appel-a-candidature-Fete-de-la-musique-2026.pdf,formulaire,dossier,musique_spectacle
0 - Candidature groupement.odt,.odt,42431,DCE_15 07 25,base de données appels d'offres et appels à projets vides/DCE_15 07 25/0 - Candidature groupement.odt,marche_public,dossier,generaliste
0 - Candidature unique.odt,.odt,36644,DCE_15 07 25,base de données appels d'offres et appels à projets vides/DCE_15 07 25/0 - Candidature unique.odt,marche_public,dossier,generaliste
00-Questions-réponses.pdf,.pdf,117156,DCE V2,base de données appels d'offres et appels à projets vides/DCE V2/00-Questions-réponses.pdf,marche_public,dossier,generaliste
01-RC GRAPHIQUES.pdf,.pdf,300691,DCE,base de données appels d'offres et appels à projets vides/DCE/01-RC GRAPHIQUES.pdf,marche_public,dossier,generaliste
01-RC PHOTO.pdf,.pdf,297420,DCE V2,base de données appels d'offres et appels à projets vides/DCE V2/01-RC PHOTO.pdf,marche_public,dossier,numerique_communication
02-CCP PHOTO.pdf,.pdf,364589,DCE V2,base de données appels d'offres et appels à projets vides/DCE V2/02-CCP PHOTO.pdf,marche_public,dossier,numerique_communication
02-CCP.pdf,.pdf,416996,DCE,base de données appels d'offres et appels à projets vides/DCE/02-CCP.pdf,marche_public,dossier,generaliste
03-AE - GRAPHIQUES.docx,.docx,100244,DCE,base de données appels d'offres et appels à projets vides/DCE/03-AE - GRAPHIQUES.docx,marche_public,dossier,generaliste
03-AE - PHOTO.docx,.docx,100171,DCE V2,base de données appels d'offres et appels à projets vides/DCE V2/03-AE - PHOTO.docx,marche_public,dossier,numerique_communication
04-Fiche candidature - Candidat unique.docx,.docx,22076,DCE,base de données appels d'offres et appels à projets vides/DCE/04-Fiche candidature - Candidat unique.docx,marche_public,dossier,generaliste
04-Fiche candidature - Candidat unique.docx,.docx,22109,DCE V2,base de données appels d'offres et appels à projets vides/DCE V2/04-Fiche candidature - Candidat unique.docx,marche_public,dossier,generaliste
04-Fiche candidature - Groupement.docx,.docx,23957,DCE,base de données appels d'offres et appels à projets vides/DCE/04-Fiche candidature - Groupement.docx,marche_public,dossier,generaliste
04-Fiche candidature - Groupement.docx,.docx,23910,DCE V2,base de données appels d'offres et appels à projets vides/DCE V2/04-Fiche candidature - Groupement.docx,marche_public,dossier,generaliste
05-BPU - DQE Photo.xlsx,.xlsx,75300,DCE V2,base de données appels d'offres et appels à projets vides/DCE V2/05-BPU - DQE Photo.xlsx,marche_public,dossier,numerique_communication
05-BPU+DQE graphiste.xlsx,.xlsx,87227,DCE,base de données appels d'offres et appels à projets vides/DCE/05-BPU+DQE graphiste.xlsx,marche_public,dossier,numerique_communication
05-Cadre du mémoire technique.docx,.docx,298546,DCE,base de données appels d'offres et appels à projets vides/DCE/05-Cadre du mémoire technique.docx,marche_public,dossier,generaliste
06-Cadre du mémoire technique.docx,.docx,298235,DCE V2,base de données appels d'offres et appels à projets vides/DCE V2/06-Cadre du mémoire technique.docx,marche_public,dossier,generaliste
06-DECLARARTION DE SOUS-TRAITANCE.docx,.docx,24388,DCE,base de données appels d'offres et appels à projets vides/DCE/06-DECLARARTION DE SOUS-TRAITANCE.docx,marche_public,dossier,generaliste
07-DECLARATION DE SOUS-TRAITANCE.docx,.docx,24591,DCE V2,base de données appels d'offres et appels à projets vides/DCE V2/07-DECLARATION DE SOUS-TRAITANCE.docx,marche_public,dossier,generaliste
AE Lot 10_AC4.odt,.odt,375599,DCE_15 07 25/AE- AC4,base de données appels d'offres et appels à projets vides/DCE_15 07 25/AE- AC4/AE Lot 10_AC4.odt,marche_public,dossier,generaliste
AE Lot 11_AC4.odt,.odt,375502,DCE_15 07 25/AE- AC4,base de données appels d'offres et appels à projets vides/DCE_15 07 25/AE- AC4/AE Lot 11_AC4.odt,marche_public,dossier,generaliste
AE Lot 12_AC4.odt,.odt,375724,DCE_15 07 25/AE- AC4,base de données appels d'offres et appels à projets vides/DCE_15 07 25/AE- AC4/AE Lot 12_AC4.odt,marche_public,dossier,generaliste
AE Lot 13_AC4.odt,.odt,375196,DCE_15 07 25/AE- AC4,base de données appels d'offres et appels à projets vides/DCE_15 07 25/AE- AC4/AE Lot 13_AC4.odt,marche_public,dossier,generaliste
AE Lot 14_AC4.odt,.odt,375200,DCE_15 07 25/AE- AC4,base de données appels d'offres et appels à projets vides/DCE_15 07 25/AE- AC4/AE Lot 14_AC4.odt,marche_public,dossier,generaliste
AE Lot 15_AC4.odt,.odt,374736,DCE_15 07 25/AE- AC4,base de données appels d'offres et appels à projets vides/DCE_15 07 25/AE- AC4/AE Lot 15_AC4.odt,marche_public,dossier,generaliste
AE Lot 16_AC4.odt,.odt,375401,DCE_15 07 25/AE- AC4,base de données appels d'offres et appels à projets vides/DCE_15 07 25/AE- AC4/AE Lot 16_AC4.odt,marche_public,dossier,generaliste
AE Lot 17_AC4.odt,.odt,375510,DCE_15 07 25/AE- AC4,base de données appels d'offres et appels à projets vides/DCE_15 07 25/AE- AC4/AE Lot 17_AC4.odt,marche_public,dossier,generaliste
AE Lot 18_AC4.odt,.odt,375669,DCE_15 07 25/AE- AC4,base de données appels d'offres et appels à projets vides/DCE_15 07 25/AE- AC4/AE Lot 18_AC4.odt,marche_public,dossier,generaliste
AE Lot 19_AC4.odt,.odt,375624,DCE_15 07 25/AE- AC4,base de données appels d'offres et appels à projets vides/DCE_15 07 25/AE- AC4/AE Lot 19_AC4.odt,marche_public,dossier,generaliste
AE Lot 1_AC4.odt,.odt,374483,DCE_15 07 25/AE- AC4,base de données appels d'offres et appels à projets vides/DCE_15 07 25/AE- AC4/AE Lot 1_AC4.odt,marche_public,dossier,generaliste
AE Lot 20_AC4.odt,.odt,375605,DCE_15 07 25/AE- AC4,base de données appels d'offres et appels à projets vides/DCE_15 07 25/AE- AC4/AE Lot 20_AC4.odt,marche_public,dossier,generaliste
AE Lot 21_AC4.odt,.odt,375667,DCE_15 07 25/AE- AC4,base de données appels d'offres et appels à projets vides/DCE_15 07 25/AE- AC4/AE Lot 21_AC4.odt,marche_public,dossier,generaliste
AE Lot 22_AC4.odt,.odt,375673,DCE_15 07 25/AE- AC4,base de données appels d'offres et appels à projets vides/DCE_15 07 25/AE- AC4/AE Lot 22_AC4.odt,marche_public,dossier,generaliste
AE Lot 23_AC4.odt,.odt,376264,DCE_15 07 25/AE- AC4,base de données appels d'offres et appels à projets vides/DCE_15 07 25/AE- AC4/AE Lot 23_AC4.odt,marche_public,dossier,generaliste
AE Lot 24_AC4.odt,.odt,376165,DCE_15 07 25/AE- AC4,base de données appels d'offres et appels à projets vides/DCE_15 07 25/AE- AC4/AE Lot 24_AC4.odt,marche_public,dossier,generaliste
AE Lot 25_AC4.odt,.odt,375985,DCE_15 07 25/AE- AC4,base de données appels d'offres et appels à projets vides/DCE_15 07 25/AE- AC4/AE Lot 25_AC4.odt,marche_public,dossier,generaliste
AE Lot 26_AC4.odt,.odt,375774,DCE_15 07 25/AE- AC4,base de données appels d'offres et appels à projets vides/DCE_15 07 25/AE- AC4/AE Lot 26_AC4.odt,marche_public,dossier,generaliste
AE Lot 27_AC4.odt,.odt,375783,DCE_15 07 25/AE- AC4,base de données appels d'offres et appels à projets vides/DCE_15 07 25/AE- AC4/AE Lot 27_AC4.odt,marche_public,dossier,generaliste
AE Lot 28_AC4.odt,.odt,376057,DCE_15 07 25/AE- AC4,base de données appels d'offres et appels à projets vides/DCE_15 07 25/AE- AC4/AE Lot 28_AC4.odt,marche_public,dossier,generaliste
AE Lot 29_AC4.odt,.odt,376235,DCE_15 07 25/AE- AC4,base de données appels d'offres et appels à projets vides/DCE_15 07 25/AE- AC4/AE Lot 29_AC4.odt,marche_public,dossier,generaliste
AE Lot 2_AC4.odt,.odt,375259,DCE_15 07 25/AE- AC4,base de données appels d'offres et appels à projets vides/DCE_15 07 25/AE- AC4/AE Lot 2_AC4.odt,marche_public,dossier,generaliste
AE Lot 30_AC4.odt,.odt,375951,DCE_15 07 25/AE- AC4,base de données appels d'offres et appels à projets vides/DCE_15 07 25/AE- AC4/AE Lot 30_AC4.odt,marche_public,dossier,generaliste
AE Lot 31_AC4.odt,.odt,376399,DCE_15 07 25/AE- AC4,base de données appels d'offres et appels à projets vides/DCE_15 07 25/AE- AC4/AE Lot 31_AC4.odt,marche_public,dossier,generaliste
AE Lot 32_AC4.odt,.odt,374452,DCE_15 07 25/AE- AC4,base de données appels d'offres et appels à projets vides/DCE_15 07 25/AE- AC4/AE Lot 32_AC4.odt,marche_public,dossier,generaliste
AE Lot 33_AC4.odt,.odt,375789,DCE_15 07 25/AE- AC4,base de données appels d'offres et appels à projets vides/DCE_15 07 25/AE- AC4/AE Lot 33_AC4.odt,marche_public,dossier,generaliste
AE Lot 34_AC4.odt,.odt,375977,DCE_15 07 25/AE- AC4,base de données appels d'offres et appels à projets vides/DCE_15 07 25/AE- AC4/AE Lot 34_AC4.odt,marche_public,dossier,generaliste
AE Lot 35_AC4.odt,.odt,374854,DCE_15 07 25/AE- AC4,base de données appels d'offres et appels à projets vides/DCE_15 07 25/AE- AC4/AE Lot 35_AC4.odt,marche_public,dossier,generaliste
AE Lot 36_AC4.odt,.odt,374625,DCE_15 07 25/AE- AC4,base de données appels d'offres et appels à projets vides/DCE_15 07 25/AE- AC4/AE Lot 36_AC4.odt,marche_public,dossier,generaliste
AE Lot 37_AC4.odt,.odt,376039,DCE_15 07 25/AE- AC4,base de données appels d'offres et appels à projets vides/DCE_15 07 25/AE- AC4/AE Lot 37_AC4.odt,marche_public,dossier,generaliste
AE Lot 38_AC4.odt,.odt,375714,DCE_15 07 25/AE- AC4,base de données appels d'offres et appels à projets vides/DCE_15 07 25/AE- AC4/AE Lot 38_AC4.odt,marche_public,dossier,generaliste
AE Lot 39_AC4.odt,.odt,376032,DCE_15 07 25/AE- AC4,base de données appels d'offres et appels à projets vides/DCE_15 07 25/AE- AC4/AE Lot 39_AC4.odt,marche_public,dossier,generaliste
AE Lot 3_AC4.odt,.odt,375679,DCE_15 07 25/AE- AC4,base de données appels d'offres et appels à projets vides/DCE_15 07 25/AE- AC4/AE Lot 3_AC4.odt,marche_public,dossier,generaliste
AE Lot 40_AC4.odt,.odt,375932,DCE_15 07 25/AE- AC4,base de données appels d'offres et appels à projets vides/DCE_15 07 25/AE- AC4/AE Lot 40_AC4.odt,marche_public,dossier,generaliste
AE Lot 41_AC4.odt,.odt,376049,DCE_15 07 25/AE- AC4,base de données appels d'offres et appels à projets vides/DCE_15 07 25/AE- AC4/AE Lot 41_AC4.odt,marche_public,dossier,generaliste
AE Lot 42_AC4.odt,.odt,375871,DCE_15 07 25/AE- AC4,base de données appels d'offres et appels à projets vides/DCE_15 07 25/AE- AC4/AE Lot 42_AC4.odt,marche_public,dossier,generaliste
AE Lot 43_AC4.odt,.odt,376115,DCE_15 07 25/AE- AC4,base de données appels d'offres et appels à projets vides/DCE_15 07 25/AE- AC4/AE Lot 43_AC4.odt,marche_public,dossier,generaliste
AE Lot 44_AC4.odt,.odt,376563,DCE_15 07 25/AE- AC4,base de données appels d'offres et appels à projets vides/DCE_15 07 25/AE- AC4/AE Lot 44_AC4.odt,marche_public,dossier,generaliste
AE Lot 4_AC4.odt,.odt,375544,DCE_15 07 25/AE- AC4,base de données appels d'offres et appels à projets vides/DCE_15 07 25/AE- AC4/AE Lot 4_AC4.odt,marche_public,dossier,generaliste
AE Lot 5_AC4.odt,.odt,375439,DCE_15 07 25/AE- AC4,base de données appels d'offres et appels à projets vides/DCE_15 07 25/AE- AC4/AE Lot 5_AC4.odt,marche_public,dossier,generaliste
AE Lot 6_AC4.odt,.odt,375680,DCE_15 07 25/AE- AC4,base de données appels d'offres et appels à projets vides/DCE_15 07 25/AE- AC4/AE Lot 6_AC4.odt,marche_public,dossier,generaliste
AE Lot 7_AC4.odt,.odt,375693,DCE_15 07 25/AE- AC4,base de données appels d'offres et appels à projets vides/DCE_15 07 25/AE- AC4/AE Lot 7_AC4.odt,marche_public,dossier,generaliste
AE Lot 8_AC4.odt,.odt,375697,DCE_15 07 25/AE- AC4,base de données appels d'offres et appels à projets vides/DCE_15 07 25/AE- AC4/AE Lot 8_AC4.odt,marche_public,dossier,generaliste
AE Lot 9_AC4.odt,.odt,375714,DCE_15 07 25/AE- AC4,base de données appels d'offres et appels à projets vides/DCE_15 07 25/AE- AC4/AE Lot 9_AC4.odt,marche_public,dossier,generaliste
ANNEXE 2- version modifiable.docx,.docx,70301,DCE_15 07 25,base de données appels d'offres et appels à projets vides/DCE_15 07 25/ANNEXE 2- version modifiable.docx,marche_public,dossier,generaliste
ANNEXE 3 - version modifiable.docx,.docx,63166,DCE_15 07 25,base de données appels d'offres et appels à projets vides/DCE_15 07 25/ANNEXE 3 - version modifiable.docx,marche_public,dossier,generaliste
CCAP_AC4.pdf,.pdf,2525180,DCE_15 07 25,base de données appels d'offres et appels à projets vides/DCE_15 07 25/CCAP_AC4.pdf,marche_public,dossier,generaliste
CCTP_AC4.pdf,.pdf,4064702,DCE_15 07 25,base de données appels d'offres et appels à projets vides/DCE_15 07 25/CCTP_AC4.pdf,marche_public,dossier,generaliste
Cadre d'intervention.pdf,.pdf,4064702,DCE_15 07 25,base de données appels d'offres et appels à projets vides/DCE_15 07 25/Cadre d'intervention.pdf,marche_public,dossier,generaliste
DQE LOT 1  Redynamisation MÇtiers du tertiaire administratif.xlsx,.xlsx,354688,DCE_15 07 25/DQE- AC4,base de données appels d'offres et appels à projets vides/DCE_15 07 25/DQE- AC4/DQE LOT 1  Redynamisation MÇtiers du tertiaire administratif.xlsx,marche_public,dossier,generaliste
DQE LOT 10  - TP Comptable Assistant.xlsx,.xlsx,360246,DCE_15 07 25/DQE- AC4,base de données appels d'offres et appels à projets vides/DCE_15 07 25/DQE- AC4/DQE LOT 10  - TP Comptable Assistant.xlsx,marche_public,dossier,generaliste
DQE LOT 11  - TP Gestionnaire Comptable et Fiscal.xlsx,.xlsx,360230,DCE_15 07 25/DQE- AC4,base de données appels d'offres et appels à projets vides/DCE_15 07 25/DQE- AC4/DQE LOT 11  - TP Gestionnaire Comptable et Fiscal.xlsx,marche_public,dossier,generaliste
DQE LOT 12  - TP Gestionnaire de Paie.xlsx,.xlsx,360229,DCE_15 07 25/DQE- AC4,base de données appels d'offres et appels à projets vides/DCE_15 07 25/DQE- AC4/DQE LOT 12  - TP Gestionnaire de Paie.xlsx,marche_public,dossier,generaliste
DQE LOT 13  - TFP Assistant Juridique.xlsx,.xlsx,359935,DCE_15 07 25/DQE- AC4,base de données appels d'offres et appels à projets vides/DCE_15 07 25/DQE- AC4/DQE LOT 13  - TFP Assistant Juridique.xlsx,marche_public,dossier,generaliste
DQE LOT 14  - BTS Collaborateur Juridique Notarial.xlsx,.xlsx,359937,DCE_15 07 25/DQE- AC4,base de données appels d'offres et appels à projets vides/DCE_15 07 25/DQE- AC4/DQE LOT 14  - BTS Collaborateur Juridique Notarial.xlsx,marche_public,dossier,generaliste
DQE LOT 15  Redynamisation Developpement Web.xlsx,.xlsx,354660,DCE_15 07 25/DQE- AC4,base de données appels d'offres et appels à projets vides/DCE_15 07 25/DQE- AC4/DQE LOT 15  Redynamisation Developpement Web.xlsx,marche_public,dossier,numerique_communication
DQE LOT 16  - TP Agent de reconditionnement numÇrique.xlsx,.xlsx,360253,DCE_15 07 25/DQE- AC4,base de données appels d'offres et appels à projets vides/DCE_15 07 25/DQE- AC4/DQE LOT 16  - TP Agent de reconditionnement numÇrique.xlsx,marche_public,dossier,generaliste
DQE LOT 17  - TP Graphiste.xlsx,.xlsx,360243,DCE_15 07 25/DQE- AC4,base de données appels d'offres et appels à projets vides/DCE_15 07 25/DQE- AC4/DQE LOT 17  - TP Graphiste.xlsx,marche_public,dossier,numerique_communication
DQE LOT 18  - TP OpÇrateur en vidÇoprotection et en tÇlÇsurveillance.xlsx,.xlsx,360271,DCE_15 07 25/DQE- AC4,base de données appels d'offres et appels à projets vides/DCE_15 07 25/DQE- AC4/DQE LOT 18  - TP OpÇrateur en vidÇoprotection et en tÇlÇsurveillance.xlsx,marche_public,dossier,generaliste
DQE LOT 19  - TP Technicien d'Assistance en Informatique.xlsx,.xlsx,360247,DCE_15 07 25/DQE- AC4,base de données appels d'offres et appels à projets vides/DCE_15 07 25/DQE- AC4/DQE LOT 19  - TP Technicien d'Assistance en Informatique.xlsx,marche_public,dossier,generaliste
DQE LOT 2  - TP EmployÇ Administratif et d'Accueil.xlsx,.xlsx,360278,DCE_15 07 25/DQE- AC4,base de données appels d'offres et appels à projets vides/DCE_15 07 25/DQE- AC4/DQE LOT 2  - TP EmployÇ Administratif et d'Accueil.xlsx,marche_public,dossier,generaliste
DQE LOT 20  - TP Technicien RÇseaux IP.xlsx,.xlsx,360252,DCE_15 07 25/DQE- AC4,base de données appels d'offres et appels à projets vides/DCE_15 07 25/DQE- AC4/DQE LOT 20  - TP Technicien RÇseaux IP.xlsx,marche_public,dossier,generaliste
DQE LOT 21  - TP Administrateur Systäme DevOps.xlsx,.xlsx,360259,DCE_15 07 25/DQE- AC4,base de données appels d'offres et appels à projets vides/DCE_15 07 25/DQE- AC4/DQE LOT 21  - TP Administrateur Systäme DevOps.xlsx,marche_public,dossier,generaliste
DQE LOT 22  - TP Responsable d'Espace de MÇdiation NumÇrique.xlsx,.xlsx,360251,DCE_15 07 25/DQE- AC4,base de données appels d'offres et appels à projets vides/DCE_15 07 25/DQE- AC4/DQE LOT 22  - TP Responsable d'Espace de MÇdiation NumÇrique.xlsx,marche_public,dossier,generaliste
DQE LOT 23  - TP Technicien SupÇrieur en automatique et informatique industrielle.xlsx,.xlsx,360277,DCE_15 07 25/DQE- AC4,base de données appels d'offres et appels à projets vides/DCE_15 07 25/DQE- AC4/DQE LOT 23  - TP Technicien SupÇrieur en automatique et informatique industrielle.xlsx,marche_public,dossier,generaliste
DQE LOT 24  - TP Technicien SupÇrieur Systämes et RÇseaux.xlsx,.xlsx,360261,DCE_15 07 25/DQE- AC4,base de données appels d'offres et appels à projets vides/DCE_15 07 25/DQE- AC4/DQE LOT 24  - TP Technicien SupÇrieur Systämes et RÇseaux.xlsx,marche_public,dossier,generaliste
DQE LOT 25  - TP Concepteur Designer UI.xlsx,.xlsx,360346,DCE_15 07 25/DQE- AC4,base de données appels d'offres et appels à projets vides/DCE_15 07 25/DQE- AC4/DQE LOT 25  - TP Concepteur Designer UI.xlsx,marche_public,dossier,generaliste
DQE LOT 26  - TP Administrateur d'Infrastructures SÇcurisÇes.xlsx,.xlsx,360261,DCE_15 07 25/DQE- AC4,base de données appels d'offres et appels à projets vides/DCE_15 07 25/DQE- AC4/DQE LOT 26  - TP Administrateur d'Infrastructures SÇcurisÇes.xlsx,marche_public,dossier,generaliste
DQE LOT 27  - TP Administrateur RÇseaux NetOps.xlsx,.xlsx,360254,DCE_15 07 25/DQE- AC4,base de données appels d'offres et appels à projets vides/DCE_15 07 25/DQE- AC4/DQE LOT 27  - TP Administrateur RÇseaux NetOps.xlsx,marche_public,dossier,generaliste
DQE LOT 28  - TP DÇveloppeur Web et Web mobile.xlsx,.xlsx,360258,DCE_15 07 25/DQE- AC4,base de données appels d'offres et appels à projets vides/DCE_15 07 25/DQE- AC4/DQE LOT 28  - TP DÇveloppeur Web et Web mobile.xlsx,marche_public,dossier,numerique_communication
DQE LOT 29  - TP Technicien SupÇrieur en MÇthodes et Exploitation Logistique.xlsx,.xlsx,360261,DCE_15 07 25/DQE- AC4,base de données appels d'offres et appels à projets vides/DCE_15 07 25/DQE- AC4/DQE LOT 29  - TP Technicien SupÇrieur en MÇthodes et Exploitation Logistique.xlsx,marche_public,dossier,generaliste
DQE LOT 3  - TP SecrÇtaire Assistant.xlsx,.xlsx,360265,DCE_15 07 25/DQE- AC4,base de données appels d'offres et appels à projets vides/DCE_15 07 25/DQE- AC4/DQE LOT 3  - TP SecrÇtaire Assistant.xlsx,marche_public,dossier,generaliste
DQE LOT 30  - TP Exploitant en Transport Routier de Marchandises.xlsx,.xlsx,360272,DCE_15 07 25/DQE- AC4,base de données appels d'offres et appels à projets vides/DCE_15 07 25/DQE- AC4/DQE LOT 30  - TP Exploitant en Transport Routier de Marchandises.xlsx,marche_public,dossier,generaliste
DQE LOT 31  - TP Gestionnaire des OpÇrations de Transport Routier de Marchandises.xlsx,.xlsx,360263,DCE_15 07 25/DQE- AC4,base de données appels d'offres et appels à projets vides/DCE_15 07 25/DQE- AC4/DQE LOT 31  - TP Gestionnaire des OpÇrations de Transport Routier de Marchandises.xlsx,marche_public,dossier,generaliste
DQE LOT 32  Redynamisation Transport.xlsx,.xlsx,354643,DCE_15 07 25/DQE- AC4,base de données appels d'offres et appels à projets vides/DCE_15 07 25/DQE- AC4/DQE LOT 32  Redynamisation Transport.xlsx,marche_public,dossier,generaliste
DQE LOT 33  - TFP Assistant DÇclarant en Douane.xlsx,.xlsx,360253,DCE_15 07 25/DQE- AC4,base de données appels d'offres et appels à projets vides/DCE_15 07 25/DQE- AC4/DQE LOT 33  - TFP Assistant DÇclarant en Douane.xlsx,marche_public,dossier,generaliste
"DQE LOT 34  - TFP Agent SupÇrieur en Transport Maritime, Portuaire et ActivitÇs Douaniäres.xlsx",.xlsx,360277,DCE_15 07 25/DQE- AC4,"base de données appels d'offres et appels à projets vides/DCE_15 07 25/DQE- AC4/DQE LOT 34  - TFP Agent SupÇrieur en Transport Maritime, Portuaire et ActivitÇs Douaniäres.xlsx",marche_public,dossier,generaliste
DQE LOT 35  Redynamisation Douanes et Transport Internationaux.xlsx,.xlsx,354674,DCE_15 07 25/DQE- AC4,base de données appels d'offres et appels à projets vides/DCE_15 07 25/DQE- AC4/DQE LOT 35  Redynamisation Douanes et Transport Internationaux.xlsx,marche_public,dossier,generaliste
DQE LOT 36  Redynamisation Agricole.xlsx,.xlsx,354668,DCE_15 07 25/DQE- AC4,base de données appels d'offres et appels à projets vides/DCE_15 07 25/DQE- AC4/DQE LOT 36  Redynamisation Agricole.xlsx,marche_public,dossier,agricole
DQE LOT 37  - BPA Ouvrier d'Elevage de Ruminants et de Cultures Fourragäres.xlsx,.xlsx,360267,DCE_15 07 25/DQE- AC4,base de données appels d'offres et appels à projets vides/DCE_15 07 25/DQE- AC4/DQE LOT 37  - BPA Ouvrier d'Elevage de Ruminants et de Cultures Fourragäres.xlsx,marche_public,dossier,generaliste
DQE LOT 38  - BPA Ouvrier Maraåcher.xlsx,.xlsx,360252,DCE_15 07 25/DQE- AC4,base de données appels d'offres et appels à projets vides/DCE_15 07 25/DQE- AC4/DQE LOT 38  - BPA Ouvrier Maraåcher.xlsx,marche_public,dossier,agricole
DQE LOT 39  - CS Pilotage de Machines Agricoles et Travaux MÇcanisÇs Ö Haute TechnicitÇ.xlsx,.xlsx,360276,DCE_15 07 25/DQE- AC4,base de données appels d'offres et appels à projets vides/DCE_15 07 25/DQE- AC4/DQE LOT 39  - CS Pilotage de Machines Agricoles et Travaux MÇcanisÇs Ö Haute TechnicitÇ.xlsx,marche_public,dossier,agricole
DQE LOT 4  - TP SecrÇtaire comptable.xlsx,.xlsx,360233,DCE_15 07 25/DQE- AC4,base de données appels d'offres et appels à projets vides/DCE_15 07 25/DQE- AC4/DQE LOT 4  - TP SecrÇtaire comptable.xlsx,marche_public,dossier,generaliste
DQE LOT 40  - CS Conduite de Productions en Arboriculture Fruitiäre.xlsx,.xlsx,360261,DCE_15 07 25/DQE- AC4,base de données appels d'offres et appels à projets vides/DCE_15 07 25/DQE- AC4/DQE LOT 40  - CS Conduite de Productions en Arboriculture Fruitiäre.xlsx,marche_public,dossier,agricole
DQE LOT 41  - CAPA Agriculture des RÇgions Chaudes.xlsx,.xlsx,360235,DCE_15 07 25/DQE- AC4,base de données appels d'offres et appels à projets vides/DCE_15 07 25/DQE- AC4/DQE LOT 41  - CAPA Agriculture des RÇgions Chaudes.xlsx,marche_public,dossier,generaliste
DQE LOT 42  - BP Responsable d'Entreprise Agricole.xlsx,.xlsx,360255,DCE_15 07 25/DQE- AC4,base de données appels d'offres et appels à projets vides/DCE_15 07 25/DQE- AC4/DQE LOT 42  - BP Responsable d'Entreprise Agricole.xlsx,marche_public,dossier,agricole
DQE LOT 43  - CAPA Jardinier Paysagiste.xlsx,.xlsx,360246,DCE_15 07 25/DQE- AC4,base de données appels d'offres et appels à projets vides/DCE_15 07 25/DQE- AC4/DQE LOT 43  - CAPA Jardinier Paysagiste.xlsx,marche_public,dossier,agricole
"DQE LOT 44  - BTSA - ACS'AGRI Analyse, Conduite et StratÇgie de l'entreprise Agricole.xlsx",.xlsx,360327,DCE_15 07 25/DQE- AC4,"base de données appels d'offres et appels à projets vides/DCE_15 07 25/DQE- AC4/DQE LOT 44  - BTSA - ACS'AGRI Analyse, Conduite et StratÇgie de l'entreprise Agricole.xlsx",marche_public,dossier,agricole
DQE LOT 5  - TP Assistant de direction.xlsx,.xlsx,360244,DCE_15 07 25/DQE- AC4,base de données appels d'offres et appels à projets vides/DCE_15 07 25/DQE- AC4/DQE LOT 5  - TP Assistant de direction.xlsx,marche_public,dossier,generaliste
DQE LOT 6  - TP Assistant ressources humaines.xlsx,.xlsx,360247,DCE_15 07 25/DQE- AC4,base de données appels d'offres et appels à projets vides/DCE_15 07 25/DQE- AC4/DQE LOT 6  - TP Assistant ressources humaines.xlsx,marche_public,dossier,generaliste
DQE LOT 7  - TP Assistant import export.xlsx,.xlsx,360235,DCE_15 07 25/DQE- AC4,base de données appels d'offres et appels à projets vides/DCE_15 07 25/DQE- AC4/DQE LOT 7  - TP Assistant import export.xlsx,marche_public,dossier,generaliste
DQE LOT 8  - TP SecrÇtaire assistant mÇdico-social.xlsx,.xlsx,360247,DCE_15 07 25/DQE- AC4,base de données appels d'offres et appels à projets vides/DCE_15 07 25/DQE- AC4/DQE LOT 8  - TP SecrÇtaire assistant mÇdico-social.xlsx,marche_public,dossier,generaliste
DQE LOT 9  - TP Assistant immobilier.xlsx,.xlsx,360237,DCE_15 07 25/DQE- AC4,base de données appels d'offres et appels à projets vides/DCE_15 07 25/DQE- AC4/DQE LOT 9  - TP Assistant immobilier.xlsx,marche_public,dossier,generaliste
FA LOT 1- ADMINISTRATIF- Redynamisation MÇtiers du tertiaire administratif.docx,.docx,379396,DCE_15 07 25/FTA- AC4,base de données appels d'offres et appels à projets vides/DCE_15 07 25/FTA- AC4/FA LOT 1- ADMINISTRATIF- Redynamisation MÇtiers du tertiaire administratif.docx,marche_public,dossier,generaliste
FA LOT 10- ADMINISTRATIF- TP Comptable Assistant.docx,.docx,382249,DCE_15 07 25/FTA- AC4,base de données appels d'offres et appels à projets vides/DCE_15 07 25/FTA- AC4/FA LOT 10- ADMINISTRATIF- TP Comptable Assistant.docx,marche_public,dossier,generaliste
FA LOT 11- ADMINISTRATIF- TP Gestionnaire comptable et fiscal.docx,.docx,382262,DCE_15 07 25/FTA- AC4,base de données appels d'offres et appels à projets vides/DCE_15 07 25/FTA- AC4/FA LOT 11- ADMINISTRATIF- TP Gestionnaire comptable et fiscal.docx,marche_public,dossier,generaliste
FA LOT 12- ADMINISTRATIF- TP Gestionnaire de Paie.docx,.docx,382371,DCE_15 07 25/FTA- AC4,base de données appels d'offres et appels à projets vides/DCE_15 07 25/FTA- AC4/FA LOT 12- ADMINISTRATIF- TP Gestionnaire de Paie.docx,marche_public,dossier,generaliste
FA LOT 13- ADMINISTRATIF- TFP Assistant juridique.docx,.docx,379343,DCE_15 07 25/FTA- AC4,base de données appels d'offres et appels à projets vides/DCE_15 07 25/FTA- AC4/FA LOT 13- ADMINISTRATIF- TFP Assistant juridique.docx,marche_public,dossier,generaliste
FA LOT 14- ADMINISTRATIF- BTS Collaborateur juridique notarial.docx,.docx,379478,DCE_15 07 25/FTA- AC4,base de données appels d'offres et appels à projets vides/DCE_15 07 25/FTA- AC4/FA LOT 14- ADMINISTRATIF- BTS Collaborateur juridique notarial.docx,marche_public,dossier,generaliste
FA LOT 15- NUMERIQUE- Redynamisation DÇveloppement Web.docx,.docx,379095,DCE_15 07 25/FTA- AC4,base de données appels d'offres et appels à projets vides/DCE_15 07 25/FTA- AC4/FA LOT 15- NUMERIQUE- Redynamisation DÇveloppement Web.docx,marche_public,dossier,numerique_communication
FA LOT 16- NUMERIQUE- TP Agent de reconditionnement numÇrique.docx,.docx,382484,DCE_15 07 25/FTA- AC4,base de données appels d'offres et appels à projets vides/DCE_15 07 25/FTA- AC4/FA LOT 16- NUMERIQUE- TP Agent de reconditionnement numÇrique.docx,marche_public,dossier,numerique_communication
FA LOT 17- NUMERIQUE- Graphiste.docx,.docx,381965,DCE_15 07 25/FTA- AC4,base de données appels d'offres et appels à projets vides/DCE_15 07 25/FTA- AC4/FA LOT 17- NUMERIQUE- Graphiste.docx,marche_public,dossier,numerique_communication
FA LOT 18- NUMERIQUE- TP OpÇrateur en vidÇoprotection et en tÇlÇsurveillance.docx,.docx,382613,DCE_15 07 25/FTA- AC4,base de données appels d'offres et appels à projets vides/DCE_15 07 25/FTA- AC4/FA LOT 18- NUMERIQUE- TP OpÇrateur en vidÇoprotection et en tÇlÇsurveillance.docx,marche_public,dossier,numerique_communication
FA LOT 19- NUMERIQUE- TP Technicien d’assistance en informatique.docx,.docx,382663,DCE_15 07 25/FTA- AC4,base de données appels d'offres et appels à projets vides/DCE_15 07 25/FTA- AC4/FA LOT 19- NUMERIQUE- TP Technicien d’assistance en informatique.docx,marche_public,dossier,numerique_communication
FA LOT 2- ADMINISTRATIF- TP EmployÇ administratif et d'Accueil.docx,.docx,382596,DCE_15 07 25/FTA- AC4,base de données appels d'offres et appels à projets vides/DCE_15 07 25/FTA- AC4/FA LOT 2- ADMINISTRATIF- TP EmployÇ administratif et d'Accueil.docx,marche_public,dossier,generaliste
FA LOT 20- NUMERIQUE- TP Technicien rÇseaux IP.docx,.docx,382510,DCE_15 07 25/FTA- AC4,base de données appels d'offres et appels à projets vides/DCE_15 07 25/FTA- AC4/FA LOT 20- NUMERIQUE- TP Technicien rÇseaux IP.docx,marche_public,dossier,numerique_communication
FA LOT 21- NUMERIQUE-  TP Administrateur systäme DevOps.docx,.docx,382846,DCE_15 07 25/FTA- AC4,base de données appels d'offres et appels à projets vides/DCE_15 07 25/FTA- AC4/FA LOT 21- NUMERIQUE-  TP Administrateur systäme DevOps.docx,marche_public,dossier,numerique_communication
FA LOT 22- NUMERIQUE-  TP Responsable d'espace de mÇdiation numÇrique.docx,.docx,382503,DCE_15 07 25/FTA- AC4,base de données appels d'offres et appels à projets vides/DCE_15 07 25/FTA- AC4/FA LOT 22- NUMERIQUE-  TP Responsable d'espace de mÇdiation numÇrique.docx,marche_public,dossier,numerique_communication
FA LOT 23- NUMERIQUE- TP Technicien supÇrieur en automatique et informatique industrielle.docx,.docx,382022,DCE_15 07 25/FTA- AC4,base de données appels d'offres et appels à projets vides/DCE_15 07 25/FTA- AC4/FA LOT 23- NUMERIQUE- TP Technicien supÇrieur en automatique et informatique industrielle.docx,marche_public,dossier,numerique_communication
FA LOT 24- NUMERIQUE-  TP Technicien supÇrieur systämes et rÇseaux.docx,.docx,382473,DCE_15 07 25/FTA- AC4,base de données appels d'offres et appels à projets vides/DCE_15 07 25/FTA- AC4/FA LOT 24- NUMERIQUE-  TP Technicien supÇrieur systämes et rÇseaux.docx,marche_public,dossier,numerique_communication
FA LOT 25- NUMERIQUE-   TP Concepteur designer UI.docx,.docx,382377,DCE_15 07 25/FTA- AC4,base de données appels d'offres et appels à projets vides/DCE_15 07 25/FTA- AC4/FA LOT 25- NUMERIQUE-   TP Concepteur designer UI.docx,marche_public,dossier,numerique_communication
FA LOT 26- NUMERIQUE-   TP Administrateur d'infrastructures sÇcurisÇes.docx,.docx,382483,DCE_15 07 25/FTA- AC4,base de données appels d'offres et appels à projets vides/DCE_15 07 25/FTA- AC4/FA LOT 26- NUMERIQUE-   TP Administrateur d'infrastructures sÇcurisÇes.docx,marche_public,dossier,numerique_communication
FA LOT 27- NUMERIQUE-   TP Administrateur rÇseau NetOps.docx,.docx,382508,DCE_15 07 25/FTA- AC4,base de données appels d'offres et appels à projets vides/DCE_15 07 25/FTA- AC4/FA LOT 27- NUMERIQUE-   TP Administrateur rÇseau NetOps.docx,marche_public,dossier,numerique_communication
FA LOT 28- NUMERIQUE-   TP DÇveloppeur web et web mobile.docx,.docx,383120,DCE_15 07 25/FTA- AC4,base de données appels d'offres et appels à projets vides/DCE_15 07 25/FTA- AC4/FA LOT 28- NUMERIQUE-   TP DÇveloppeur web et web mobile.docx,marche_public,dossier,numerique_communication
FA LOT 29- TRANSPORT-  TP Technicien supÇrieur en Methodes et Exploitation Logistique.docx,.docx,382797,DCE_15 07 25/FTA- AC4,base de données appels d'offres et appels à projets vides/DCE_15 07 25/FTA- AC4/FA LOT 29- TRANSPORT-  TP Technicien supÇrieur en Methodes et Exploitation Logistique.docx,marche_public,dossier,generaliste
FA LOT 3- ADMINISTRATIF- TP SecrÇtaire Assistant.docx,.docx,382295,DCE_15 07 25/FTA- AC4,base de données appels d'offres et appels à projets vides/DCE_15 07 25/FTA- AC4/FA LOT 3- ADMINISTRATIF- TP SecrÇtaire Assistant.docx,marche_public,dossier,generaliste
FA LOT 30- TRANSPORT-   TP Exploitant en transport routier de marchandises.docx,.docx,382520,DCE_15 07 25/FTA- AC4,base de données appels d'offres et appels à projets vides/DCE_15 07 25/FTA- AC4/FA LOT 30- TRANSPORT-   TP Exploitant en transport routier de marchandises.docx,marche_public,dossier,generaliste
FA LOT 31- TRANSPORT-   TP Gestionnaire des opÇrations de transport routier de marchandises.docx,.docx,382605,DCE_15 07 25/FTA- AC4,base de données appels d'offres et appels à projets vides/DCE_15 07 25/FTA- AC4/FA LOT 31- TRANSPORT-   TP Gestionnaire des opÇrations de transport routier de marchandises.docx,marche_public,dossier,generaliste
FA LOT 32- TRANSPORT- Redynamisation MÇtiers du transport.docx,.docx,379038,DCE_15 07 25/FTA- AC4,base de données appels d'offres et appels à projets vides/DCE_15 07 25/FTA- AC4/FA LOT 32- TRANSPORT- Redynamisation MÇtiers du transport.docx,marche_public,dossier,generaliste
FA LOT 33- ECONOMIE BLEUE-  TFP Assistant dÇclarant en douane.docx,.docx,382551,DCE_15 07 25/FTA- AC4,base de données appels d'offres et appels à projets vides/DCE_15 07 25/FTA- AC4/FA LOT 33- ECONOMIE BLEUE-  TFP Assistant dÇclarant en douane.docx,marche_public,dossier,generaliste
"FA LOT 34- ECONOMIE BLEUE-   TFP Agent supÇrieur en transports maritimes, portuaires et activitÇs douaniäres.docx",.docx,382666,DCE_15 07 25/FTA- AC4,"base de données appels d'offres et appels à projets vides/DCE_15 07 25/FTA- AC4/FA LOT 34- ECONOMIE BLEUE-   TFP Agent supÇrieur en transports maritimes, portuaires et activitÇs douaniäres.docx",marche_public,dossier,generaliste
FA LOT 35- ECONOMIE BLEUE- Redynamisation MÇtiers Douane et transports internationaux.docx,.docx,378895,DCE_15 07 25/FTA- AC4,base de données appels d'offres et appels à projets vides/DCE_15 07 25/FTA- AC4/FA LOT 35- ECONOMIE BLEUE- Redynamisation MÇtiers Douane et transports internationaux.docx,marche_public,dossier,generaliste
FA LOT 36- AGRICOLE- Redynamisation MÇtiers du secteur Agricole.docx,.docx,379213,DCE_15 07 25/FTA- AC4,base de données appels d'offres et appels à projets vides/DCE_15 07 25/FTA- AC4/FA LOT 36- AGRICOLE- Redynamisation MÇtiers du secteur Agricole.docx,marche_public,dossier,agricole
FA LOT 37- AGRICOLE-  BPA Ouvrier d’élevage de ruminants et de cultures fourragère.docx,.docx,383121,DCE_15 07 25/FTA- AC4,base de données appels d'offres et appels à projets vides/DCE_15 07 25/FTA- AC4/FA LOT 37- AGRICOLE-  BPA Ouvrier d’élevage de ruminants et de cultures fourragère.docx,marche_public,dossier,agricole
FA LOT 38- AGRICOLE-  BPA Ouvrier maraåcher.docx,.docx,383113,DCE_15 07 25/FTA- AC4,base de données appels d'offres et appels à projets vides/DCE_15 07 25/FTA- AC4/FA LOT 38- AGRICOLE-  BPA Ouvrier maraåcher.docx,marche_public,dossier,agricole
FA LOT 39- AGRICOLE-  CS pilotage de machines agricoles et travaux mÇcanisÇs Ö haute technicitÇ.docx,.docx,382673,DCE_15 07 25/FTA- AC4,base de données appels d'offres et appels à projets vides/DCE_15 07 25/FTA- AC4/FA LOT 39- AGRICOLE-  CS pilotage de machines agricoles et travaux mÇcanisÇs Ö haute technicitÇ.docx,marche_public,dossier,agricole
FA LOT 4- ADMINISTRATIF- TP SecrÇtaire Comptable.docx,.docx,382114,DCE_15 07 25/FTA- AC4,base de données appels d'offres et appels à projets vides/DCE_15 07 25/FTA- AC4/FA LOT 4- ADMINISTRATIF- TP SecrÇtaire Comptable.docx,marche_public,dossier,generaliste
FA LOT 40- AGRICOLE-  CS - Conduite de productions en arboriculture fruitiäre.docx,.docx,382668,DCE_15 07 25/FTA- AC4,base de données appels d'offres et appels à projets vides/DCE_15 07 25/FTA- AC4/FA LOT 40- AGRICOLE-  CS - Conduite de productions en arboriculture fruitiäre.docx,marche_public,dossier,agricole
FA LOT 41- AGRICOLE-  CAPA - Agricultures des rÇgions chaudes.docx,.docx,383898,DCE_15 07 25/FTA- AC4,base de données appels d'offres et appels à projets vides/DCE_15 07 25/FTA- AC4/FA LOT 41- AGRICOLE-  CAPA - Agricultures des rÇgions chaudes.docx,marche_public,dossier,agricole
FA LOT 42- AGRICOLE-  BP - Responsable d'Entreprise Agricole.docx,.docx,383232,DCE_15 07 25/FTA- AC4,base de données appels d'offres et appels à projets vides/DCE_15 07 25/FTA- AC4/FA LOT 42- AGRICOLE-  BP - Responsable d'Entreprise Agricole.docx,marche_public,dossier,agricole
FA LOT 43- AGRICOLE-  CAPA - Jardinier Paysagiste.docx,.docx,383734,DCE_15 07 25/FTA- AC4,base de données appels d'offres et appels à projets vides/DCE_15 07 25/FTA- AC4/FA LOT 43- AGRICOLE-  CAPA - Jardinier Paysagiste.docx,marche_public,dossier,agricole
FA LOT 44- AGRICOLE-  BTSA - DÇveloppement de l'agriculture des rÇgions chaudes.docx,.docx,383303,DCE_15 07 25/FTA- AC4,base de données appels d'offres et appels à projets vides/DCE_15 07 25/FTA- AC4/FA LOT 44- AGRICOLE-  BTSA - DÇveloppement de l'agriculture des rÇgions chaudes.docx,marche_public,dossier,agricole
FA LOT 5- ADMINISTRATIF- TP Assistant de direction.docx,.docx,382548,DCE_15 07 25/FTA- AC4,base de données appels d'offres et appels à projets vides/DCE_15 07 25/FTA- AC4/FA LOT 5- ADMINISTRATIF- TP Assistant de direction.docx,marche_public,dossier,generaliste
FA LOT 6- ADMINISTRATIF- TP Assistant Ressources Humaines.docx,.docx,382177,DCE_15 07 25/FTA- AC4,base de données appels d'offres et appels à projets vides/DCE_15 07 25/FTA- AC4/FA LOT 6- ADMINISTRATIF- TP Assistant Ressources Humaines.docx,marche_public,dossier,generaliste
FA LOT 7- ADMINISTRATIF- TP Assistant import - export.docx,.docx,382556,DCE_15 07 25/FTA- AC4,base de données appels d'offres et appels à projets vides/DCE_15 07 25/FTA- AC4/FA LOT 7- ADMINISTRATIF- TP Assistant import - export.docx,marche_public,dossier,generaliste
FA LOT 8- ADMINISTRATIF- TP SecrÇtaire Assistant MÇdico-Social.docx,.docx,383133,DCE_15 07 25/FTA- AC4,base de données appels d'offres et appels à projets vides/DCE_15 07 25/FTA- AC4/FA LOT 8- ADMINISTRATIF- TP SecrÇtaire Assistant MÇdico-Social.docx,marche_public,dossier,generaliste
FA LOT 9- ADMINISTRATIF- TP Assistant Immobilier.docx,.docx,382343,DCE_15 07 25/FTA- AC4,base de données appels d'offres et appels à projets vides/DCE_15 07 25/FTA- AC4/FA LOT 9- ADMINISTRATIF- TP Assistant Immobilier.docx,marche_public,dossier,generaliste
FOM Diffusions Alter 25.xls,.xls,324096,DCE_15 07 25,base de données appels d'offres et appels à projets vides/DCE_15 07 25/FOM Diffusions Alter 25.xls,marche_public,dossier,generaliste
FOM Présence digitale 25 volet 1.xlsx,.xlsx,101467,DCE_15 07 25,base de données appels d'offres et appels à projets vides/DCE_15 07 25/FOM Présence digitale 25 volet 1.xlsx,marche_public,dossier,numerique_communication
FOM Présence digitale 25 volet 2.xlsx,.xlsx,106548,DCE_15 07 25,base de données appels d'offres et appels à projets vides/DCE_15 07 25/FOM Présence digitale 25 volet 2.xlsx,marche_public,dossier,numerique_communication
FOM Présence digitale 26 volet 1-2.xlsx,.xlsx,464566,DCE_15 07 25,base de données appels d'offres et appels à projets vides/DCE_15 07 25/FOM Présence digitale 26 volet 1-2.xlsx,marche_public,dossier,numerique_communication
FOM Présence digitale 26 volet 1.xlsx,.xlsx,464291,DCE_15 07 25,base de données appels d'offres et appels à projets vides/DCE_15 07 25/FOM Présence digitale 26 volet 1.xlsx,marche_public,dossier,numerique_communication
QR 2 Ö 8_2025-DFP-0708.pdf,.pdf,314765,DCE_15 07 25,base de données appels d'offres et appels à projets vides/DCE_15 07 25/QR 2 Ö 8_2025-DFP-0708.pdf,marche_public,dossier,generaliste
Questions reponses.pdf,.pdf,314765,DCE_15 07 25,base de données appels d'offres et appels à projets vides/DCE_15 07 25/Questions reponses.pdf,marche_public,dossier,generaliste
RC _AC4.pdf,.pdf,438642,DCE_15 07 25,base de données appels d'offres et appels à projets vides/DCE_15 07 25/RC _AC4.pdf,marche_public,dossier,generaliste
reglement de consultation .pdf,.pdf,438642,DCE_15 07 25,base de données appels d'offres et appels à projets vides/DCE_15 07 25/reglement de consultation .pdf,marche_public,dossier,generaliste
01-RC GRAPHIQUES.pdf,.pdf,300691,racine,base de données appels d'offres et appels à projets vides/01-RC GRAPHIQUES.pdf,reglement_consultation,dossier,generaliste
01-RC PHOTO.pdf,.pdf,297420,racine,base de données appels d'offres et appels à projets vides/01-RC PHOTO.pdf,reglement_consultation,dossier,numerique_communication
RC _AC4.pdf,.pdf,438642,racine,base de données appels d'offres et appels à projets vides/RC _AC4.pdf,reglement_consultation,dossier,generaliste
reglement de consultation .pdf,.pdf,438642,racine,base de données appels d'offres et appels à projets vides/reglement de consultation .pdf,reglement_consultation,dossier,generaliste
Phono-Production-phonographique-2026..xlsx,.xlsx,141189,racine,base de données appels d'offres et appels à projets vides/Phono-Production-phonographique-2026..xlsx,autre,projet,generaliste
Phono-Production-phonographique-2026.xlsx,.xlsx,144341,racine,base de données appels d'offres et appels à projets vides/Phono-Production-phonographique-2026.xlsx,autre,projet,generaliste
FOM Présence digitale 25 volet 1.xlsx,.xlsx,101467,racine,base de données appels d'offres et appels à projets vides/FOM Présence digitale 25 volet 1.xlsx,fonds_outre_mer,projet,numerique_communication
FOM Présence digitale 25 volet 2.xlsx,.xlsx,106548,racine,base de données appels d'offres et appels à projets vides/FOM Présence digitale 25 volet 2.xlsx,fonds_outre_mer,projet,numerique_communication
FOM Présence digitale 26 volet 1-2.xlsx,.xlsx,464566,racine,base de données appels d'offres et appels à projets vides/FOM Présence digitale 26 volet 1-2.xlsx,fonds_outre_mer,projet,numerique_communication
FOM Présence digitale 26 volet 1.xlsx,.xlsx,464291,racine,base de données appels d'offres et appels à projets vides/FOM Présence digitale 26 volet 1.xlsx,fonds_outre_mer,projet,numerique_communication
Formulaire de candidature pour l'accélérateur du Village by CA Réunion-2.pdf,.pdf,368873,racine,base de données appels d'offres et appels à projets vides/Formulaire de candidature pour l'accélérateur du Village by CA Réunion-2.pdf,formulaire,projet,generaliste
formulaire_de_demande_-afpjei_v2.docx,.docx,96458,racine,base de données appels d'offres et appels à projets vides/formulaire_de_demande_-afpjei_v2.docx,formulaire,projet,formation
formulaire_de_demande_-pre-poc_v2.docx,.docx,99847,racine,base de données appels d'offres et appels à projets vides/formulaire_de_demande_-pre-poc_v2.docx,formulaire,projet,formation
